{
  "ext/controllers/managerZone.js": 1630998612604,
  "Component.js": 1628233733675,
  "ext/controllers/quickBook.js": 1630661069261,
  "ext/controllers/planBooking.js": 1631016275187,
  "i18n/i18n.properties": 1630998612612,
  "ext/controllers/UpdateBooking.js": 1630945566417,
  "ext/controllers/ShowAvailability.js": 1630945566417,
  "utils/locate-reuse-libs.js": 1628233733679,
  "manifest.json": 1631623321109,
  "manifest-bundle.zip": 1631623321123,
  "Component-preload.js": 1631623321781,
  "ext/controllers/managerZone-dbg.js": 1630998612604,
  "ext/controllers/planBooking-dbg.js": 1631016275187,
  "ext/controllers/quickBook-dbg.js": 1630661069261,
  "ext/controllers/UpdateBooking-dbg.js": 1630945566417,
  "ext/controllers/ShowAvailability-dbg.js": 1630945566417,
  "utils/locate-reuse-libs-dbg.js": 1628233733679,
  "Component-dbg.js": 1628233733675,
  "ext/image/image.jpg": 1630594147893,
  "ext/fragments/planBooking.fragment.xml": 1631016275191,
  "ext/fragments/openImage.fragment.xml": 1630594147889,
  "ext/fragments/managerZone.fragment.xml": 1630407088930,
  "index.html": 1628233733675
}